trend,h,p,z,Tau,s,var_s,slope,intercept
decreasing,True,1.0715428544472161e-11,-6.796550298628634,-0.38642350557244176,-3814.0,314743.3333333333,-114.77464932126696,38553.22545248869
