Theil-Sen slope,Theil-Sen intercept
-114.77464932126696,38553.22545248869
